steps,status,heart_beat
0,1,65.0828313253
0,2,67.7397260274
0,3,69.1538461538
5,2,67.0
6,1,69.0
6,2,61.0
9,2,64.0
9,3,68.0
12,2,73.0
16,2,87.0
19,3,69.0
